80 Steps to Jonah (1969),"Rooney, Mickey (I)","Conley, Joe","Dale, Fred (I)","Newton, Wayne","Kahane, Jackie","Bacon, James","Schuller, Frank","Cruz, Brandon","Mineo, Sal","Bendixen, Holger","Patrick, Butch","Cross, Dennis","Quinn, Teddy","Hamilton, Don (II)","Pickens, Slim (I)","Denton, Coby","Angustain, Ira","Armstrong, R.G.","Wynn, Keenan","Mathews, Susan","Van Fleet, Jo","Tobin, Michele","Martens, Lilly","Ewing, Diana","Moran, Erin",,,,,,,,,,,,,,,,,,,,,,,,,,,,,,,,,,,,,,,,,,,,,,,,,,,,,,,,,,,,,,,,,,,,,,,,,,,,,,,,,,,,,,,,,,,,,,,,,,,,,,,,,,,,,,,,
ABBA: The Movie (1977),"Minor, Thomas","Olsson, √Öke (I)","Sj√∂berg, Finn","Gassama, Malando","Carlsson, Lars (I)","Anderson, Stig","Brunkert, Ola","Marshall, Ray (I)","Eljas, Anders",Abba (I),"Hughes, Robert (III)","Etherton, David","Mansson, Michael","Wellander, Lars","Dahlborn, Ivar","Lawrence, Harry (I)","Andersson, Benny","Denbaum, Wes","Matthews, Frances","Ernest, Wojciech","Norton, Richard (I)","Andersson, Ulf","Oliver, Tom (I)","Barry, Bruce (I)","Cross, Calvin","Gunnarsson, Rutger","Ulvaeus, Bj√∂rn","Lyngstad, Anni-Frid","Mansson, Sandy","F√§ltskog, Agnetha","Rogerson, Karlene","Andersson, Lena","Horn, Maritza","G√•rden√§s-Lawton, Lena-Maria",,,,,,,,,,,,,,,,,,,,,,,,,,,,,,,,,,,,,,,,,,,,,,,,,,,,,,,,,,,,,,,,,,,,,,,,,,,,,,,,,,,,,,,,,,,,,,,,,,,,,,,
"Abenteuer von Pico und Columbus, Die (1992)","Rooney, Mickey (I)","Feldman, Corey","Haggerty, Dan (I)","DeLuise, Dom","Eggar, Samantha","Cara, Irene",,,,,,,,,,,,,,,,,,,,,,,,,,,,,,,,,,,,,,,,,,,,,,,,,,,,,,,,,,,,,,,,,,,,,,,,,,,,,,,,,,,,,,,,,,,,,,,,,,,,,,,,,,,,,,,,,,,,,,,,,,,,,,,,,,,
"Absent Minded Professor, The (1961)","Tyler, Leon","Holmes, Wendell (I)","Patterson, Hank","MacMurray, Fred","Wilson, Tom (I)","Wynn, Keenan","Bailey, Raymond","Teal, Ray","Dillaway, Don","Sayre, Jeffrey","Hewitt, Alan (I)","Ross, Don (I)","Martin, Gordon (I)","McKeever, Marlin","Westerfield, James","Jones, Gordon (I)","Frees, Paul","Norell, Henry","Palmer, Gregg (I)","Burns, Paul E.","Mullaney, Jack","Wynn, Ed","Andrews, Edward (I)","Clarke, Gage","Clanton, Ralph","McKeever, Mike","Baldwin, Bill (II)","Wynn, Ned","Lewis, Forrest","Briggs, Charlie","Boag, Wally","Adams, Carroll","Brown, Wally","Reid, Elliott","Lewis, David (III)","Kirk, Tommy","Ames, Leon","Burton, Robert (I)","Fryer, Mike","Carney, Alan","Prickett, Maudie","Olson, Nancy","Montrose, Belle","Flowers, Bess","Wells, Carole",,,,,,,,,,,,,,,,,,,,,,,,,,,,,,,,,,,,,,,,,,,,,,,,,,,,,,,,,,,,,,,,,,,,,,,,,,,,,,,,,,,,,,,,,,,,
Aches and Snakes (1973),"Mann, Larry D.",,,,,,,,,,,,,,,,,,,,,,,,,,,,,,,,,,,,,,,,,,,,,,,,,,,,,,,,,,,,,,,,,,,,,,,,,,,,,,,,,,,,,,,,,,,,,,,,,,,,,,,,,,,,,,,,,,,,,,,,,,,,,,,,,,,,,,,,
Across the Great Divide (1976),"Bokar, Hal","Celis, Fernando (I)","Hall, Mark Edward","Elk, James","Ewing, Loren","Logan, Robert (I)","Indian People of Utah and Canada, The","Salsedo, Frank","Cowley, Stan","Kauffman, John","Flower, George 'Buck'","Rattray, Heather","Brooks, Tiny",,,,,,,,,,,,,,,,,,,,,,,,,,,,,,,,,,,,,,,,,,,,,,,,,,,,,,,,,,,,,,,,,,,,,,,,,,,,,,,,,,,,,,,,,,,,,,,,,,,,,,,,,,,,,,,,,,,,,,,,,,,,
Across the Sea of Time (1995),"Buckley, Robert (I)","Steinbach, Victor","Reznick, Peter (I)","Boyden, Peter","Ferstenberg, Bernard","Colucci, George G.","Levy, Philip","McDonough, John (I)","Petrozza, Luigi","Flynn, Patrick (II)","Muglia, Nick","Hoffman, Avi","Trump, Donald","Malloy, Matt (I)","May, Seth Michael","Roeder, Tommy","Harris, Eliza","Lewis, Abby","Dominic, Heather Rose",,,,,,,,,,,,,,,,,,,,,,,,,,,,,,,,,,,,,,,,,,,,,,,,,,,,,,,,,,,,,,,,,,,,,,,,,,,,,,,,,,,,,,,,,,,,,,,,,,,,,,,,,,,,,,,,,,,,,,
"Adventures of Cinderella's Daughter, The (2000)","Lando, Joe","Wagner, Matthew (I)","Wise, Jim (I)","Lee, Stan (I)","Shiers, Laurie","Lavoie, Liz","Jones, Shirley (I)",,,,,,,,,,,,,,,,,,,,,,,,,,,,,,,,,,,,,,,,,,,,,,,,,,,,,,,,,,,,,,,,,,,,,,,,,,,,,,,,,,,,,,,,,,,,,,,,,,,,,,,,,,,,,,,,,,,,,,,,,,,,,,,,,,
"Adventures of Elmo in Grouchland, The (1999)","Stone, Andy (II)","Thatcher, Kirk R.","McGrath, Bob (I)","Boone, John (II)","Delgado, Emilio (I)","Oz, Frank","Rudman, David","Barretta, Bill","Orman, Roscoe","Gormon, Rowell","Goelz, Dave","Robinson, Martin P.","May, Ed","Eichelberger, Jodi","Lynch, Bob","Patinkin, Mandy","Parati, Tim","Allison, Drew (I)","Mazzarino, Joey","Vogel, Matt (II)","Bryan, R. Lee","Killen, Rob","Whitmire, Steve","Spinney, Carroll","Nelson, Jerry (I)","Clash, Kevin (I)","Lanoil, Bruce","Yates, Matt","Harrison, Mary (II)","Brill, Fran","Sturz, Lisa","Long, Loretta","Carrara, Leslie","Osbahr, Carmen","Manzano, Sonia","Williams, Vanessa L.","Peterle, Annie","Buzzi, Ruth","Bartlett, Alison","Consolo, Lisa","D'Abruzzo, Stephanie",,,,,,,,,,,,,,,,,,,,,,,,,,,,,,,,,,,,,,,,,,,,,,,,,,,,,,,,,,,,,,,,,,,,,,,,,,,,,,,,,,,,,,,,,,,,,,,,
Adventures of Frontier Fremont (1976),"Goodman, Norman","Mirrati, Tony","Haggerty, Dan (I)","Shanks, Don","Pyle, Denver","Sollenberger, Lee","Hernandez, Teri",,,,,,,,,,,,,,,,,,,,,,,,,,,,,,,,,,,,,,,,,,,,,,,,,,,,,,,,,,,,,,,,,,,,,,,,,,,,,,,,,,,,,,,,,,,,,,,,,,,,,,,,,,,,,,,,,,,,,,,,,,,,,,,,,,
"Adventures of Huckleberry Finn, The (1939)","Watson, Billy (II)","Keane, Robert Emmett","Warren, E. Alyn","Rentschler, Mickey","Graves, Jesse","Rooney, Mickey (I)","Brady, Edward (I)","Darien, Frank","Frawley, William","Briggs, Harlan","Price, Alonzo","Boteler, Wade","Walsh, Johnny (I)","Kilian, Victor (I)","Bacon, Irving","Watson, Harry (II)","Aylesworth, Arthur","Ingram, Rex (I)","Alderson, Erville","Watson, Minor","Watson, Delmar (I)","Connolly, Walter","Cording, Harry","Guhl, George","Imhof, Roger","Kelly, Lew","Edwards, Sarah (I)","Padden, Sarah","O'Neal, Anne","Chambers, Janice","Carver, Lynne","Lynn, Leni","Cecil, Nora","Blandick, Clara","Sayers, Jo Ann","Risdon, Elisabeth",,,,,,,,,,,,,,,,,,,,,,,,,,,,,,,,,,,,,,,,,,,,,,,,,,,,,,,,,,,,,,,,,,,,,,,,,,,,,,,,,,,,,,,,,,,,,,,,,,,,,
"Adventures of Ichabod and Mr. Toad, The (1949)","Crosby, Bing","Allister, Claud","Wallace, Ollie","O'Malley, J. Pat","Rhythmaires, The","Stevens, Edmond (II)","Grant, Campbell","McLeish, John","Campbell, Colin (I)","Denison, Leslie","Rathbone, Basil","Blore, Eric",,,,,,,,,,,,,,,,,,,,,,,,,,,,,,,,,,,,,,,,,,,,,,,,,,,,,,,,,,,,,,,,,,,,,,,,,,,,,,,,,,,,,,,,,,,,,,,,,,,,,,,,,,,,,,,,,,,,,,,,,,,,,
"Adventures of Jody Shanan, The (1978)","Keeper, Joey","Passent, Gene","Gorman, Dick","Scholl, Creg","Hill, Tex","Huffman, Bart","Parks, Burdette","Potts, Robert","Killian, Jack","McPherson, Ron (II)","Huffman, Bert","Liberto, Ray","Breen, Bud","Holland, Leo","Straus, Richard","Rivis, Jimmy","Sweetman, Marion","Christiansen, Harvey","Holly, Henry","Matheny, Hal","Meek, Denise","Peiton, Sadi","Tucker, Fran",Dottsy,,,,,,,,,,,,,,,,,,,,,,,,,,,,,,,,,,,,,,,,,,,,,,,,,,,,,,,,,,,,,,,,,,,,,,,,,,,,,,,,,,,,,,,,,,,,,,,,,,,,,,,,,,,,,,,,,
"Adventures of Mark Twain, The (1985)","Tolces, Todd","Conner, Tim",Tomasek,"Newman, Wally","Krug, Gary","Innton, Wilf","Gustafson, Mark","Kahn, Tom","Victor, Billy","Downs, Compton","Scream, Billy","Smith, Herb","Gasek, Tom","Brown, Harvey","Ritchie, Chris (I)","Vincent, Wilbur","Wholesale, Coward","Whitmore, James","Morrison, John (I)","Bartlett, Craig","Suza, Neil","Thompson, Gary (IX)","McKean, Bruce","Griggs, Bob","Beencof, Stahu","Mot, Kessag","Edwards, Andrew (IX)","McKennon, Dal","Stone, Marley","Sopwith, Sally","Edelman, Carol","Mariana, Michele","Tonner, Kim",,,,,,,,,,,,,,,,,,,,,,,,,,,,,,,,,,,,,,,,,,,,,,,,,,,,,,,,,,,,,,,,,,,,,,,,,,,,,,,,,,,,,,,,,,,,,,,,,,,,,,,,
"Adventures of Ociee Nash, The (2003)","Propst, Jamey","Propst, William","Gebele, Nathan","McKnight, Geoff (I)","Daniels, Sean","Till, Lucas","Woodruff, Jody","Gunter, Michael (II)","Hogan, Dan (IV)","Kaplan, Aaron (V)","Key, Tom (I)","Braswell, Mitch","Rodriguez, Anthony P.","May, Daniel (II)","Lawes, George","Nuckols IV, Charles","Scordo, Dominick","Burns, Chris (VI)","Rivers, Kenya","Carter, Andrew (V)","Brandon, Eric (II)","Gibney, Terrence","Gillispie, Z.","Adams, George Howard","Butler, Bill (VI)","Thompson, Greg (III)","Burnley, Daniel","Carradine, Keith","Pennington, Ty","Lawhorn, John","Adams, Dale (II)","Day, Dalton","Hansard, Bart","Lewis, Brad (IV)","Ivey, Philip (I)","Propst, Loftin","McGary, Charles","Davis, Cynthia (V)","Perry, Jill","Sky, Jasmine (I)","Clements, Jill Jane","Propst, Milam McGraw","Akers, Janice","Bryant, Betty (II)","Rogers, Mary Welch","Cole, Della","McGary, Dolores","Kneeland, Katie","Morgan, Tiffany","Harris, Lesley (II)","Winningham, Mare","Reimer, Babs","Jolly, Cornelia","Propst, Abigail Kane","Robinson, Janet (II)","Ellis, Nicole","Day, Skyler","Denton, Rebecca (III)","Wright, Donna","Casey, Becky (II)",,,,,,,,,,,,,,,,,,,,,,,,,,,,,,,,,,,,,,,,,,,,,,,,,,,,,,,,,,,,,,,,,,,,,,,,,,,,,
"Adventures of Pinocchio, The (1996)","Rhys Jones, Griff","Lovitt, Gorden","Koci, Pavel","Carrier, Corey","Celio, Teco","May, Brian (II)","Bena√Øche, Wilfred","Barron, Oliver","Proffer, Spencer","Shirley-Smith, Justin","Martin, Gary (I)","Swash, Joe","Bednar, Petr (I)","Magni, Marcello","Cook, Dean","Doyle, David (I)","Locke, Peter (I)","Dreyfus, Jean-Claude","Schneider, Rob","Court, Jake","Dorsey, Kevin","Lee, Robert (XIX)","Woodward, Sean (II)","Hadley, Jerry","Weclawek, Stefan","DeLeon, Luke","Sessions, John","Landau, Martin","Drouot, Jean-Claude","Beach, Jim (III)","Kvasnick√Ω, Jir√≠","Patocka, Jir√≠","Podhursky, Zdenek","Malandrone, Peter","Averlont, Erik","Koval, Vladimir","Thomas, Jonathan Taylor","Claxton, Richard","Orange, Thomas","Vydra, V√°clav (III)","Kier, Udo","Slov√°k, Jan","French, Dawn","Zagaria, Anita","DuBarry, Suzanne","Vasekova, Claudia","Bujold, Genevi√®ve","Glover, Julie","Vlaskova, Lida","Neuwirth, Bebe","Tolkien, Daniela","Malkina, Liliya",,,,,,,,,,,,,,,,,,,,,,,,,,,,,,,,,,,,,,,,,,,,,,,,,,,,,,,,,,,,,,,,,,,,,,,,,,,,,,,,,,,,,
Altrimenti ci arrabbiamo (1974),"Capanna, Omero","Lizalde, Jos√© Luis","Pleasence, Donald","Ukmar, Franco","Cianfriglia, Giovanni","Albaic√≠n, Rafael","Hill, Terence","Santa Cruz, Jos√©","Bastianoni, Giancarlo","Lerro, Rocco","Pevarello, Osiride","Mateos, Manuel (II)","Torrisi, Pietro","Laguna, Emilio","Panizo, Jos√©","Spencer, Bud","Sharp, John (I)","de Blas, Manuel","Barbero, Luis","Alessandri, Roberto","Verziera, Marcello","Yepes, Jos√© (I)","Julienne, R√©my","Huerta, Deogratias","Garrone, Riccardo","Maggio, Enzo","Morales, In√©s","Pometti, Ada","Shepard, Patty (I)",,,,,,,,,,,,,,,,,,,,,,,,,,,,,,,,,,,,,,,,,,,,,,,,,,,,,,,,,,,,,,,,,,,,,,,,,,,,,,,,,,,,,,,,,,,,,,,,,,,,,,,,,,,,
"Amazing Dobermans, The (1976)","Barty, Billy","Carter, Jack (II)","Almanzar, James","Pancake, Roger","Baer, Parley","Yerkes, Bob","Franciscus, James","Parton, Roy","Astaire, Fred","Reidy, Jamie (I)","Hawkes, William (II)","Brill, Charlie","Smoyer, Montana","Landman, Hanny","Eden, Barbara (I)",,,,,,,,,,,,,,,,,,,,,,,,,,,,,,,,,,,,,,,,,,,,,,,,,,,,,,,,,,,,,,,,,,,,,,,,,,,,,,,,,,,,,,,,,,,,,,,,,,,,,,,,,,,,,,,,,,,,,,,,,,
Amazing Grace (1974),"White, Slappy","Greene, Stanley (I)","Bolling, Gary","Richards, Jon (I)","Evans, Art","Miles, George","Fetchit, Stepin","Miles, George Lee","Gunn, Moses","Sweet, Dolph","Karen, James (I)","Mabley, Moms","Morgan, Debbi","Cash, Rosalind","McQueen, Butterfly",,,,,,,,,,,,,,,,,,,,,,,,,,,,,,,,,,,,,,,,,,,,,,,,,,,,,,,,,,,,,,,,,,,,,,,,,,,,,,,,,,,,,,,,,,,,,,,,,,,,,,,,,,,,,,,,,,,,,,,,,,
"Amazing Mr. Blunden, The (1972)","Lodge, David (I)","Eddington, Paul","Lye, Reg","Lock, Stuart (I)","Chitty, Erik","Granger, Marc","Villiers, James","Miller, Garry","Crowden, Graham","Ward, Paddy","Naismith, Laurence","Delamain, Aim√©e","Frederick, Lynne","Landor, Rosalyn","Alison, Dorothy","Dors, Diana","Smith, Madeline (I)","Davies, Deddie",,,,,,,,,,,,,,,,,,,,,,,,,,,,,,,,,,,,,,,,,,,,,,,,,,,,,,,,,,,,,,,,,,,,,,,,,,,,,,,,,,,,,,,,,,,,,,,,,,,,,,,,,,,,,,,,,,,,,,,
"Amazing World of Psychic Phenomena, The (1976)","Serios, Ted","Krippner, Stanley","Hurkos, Peter","Mitchell, Edgar D.","Burr, Raymond","Geller, Uri","Eisenbud, Jules","Dixon, Jeane","Gray, Linda (I)","Grayson, Kathryn","Kulagina, Nina",,,,,,,,,,,,,,,,,,,,,,,,,,,,,,,,,,,,,,,,,,,,,,,,,,,,,,,,,,,,,,,,,,,,,,,,,,,,,,,,,,,,,,,,,,,,,,,,,,,,,,,,,,,,,,,,,,,,,,,,,,,,,,
"American Tail, An (1986)","Smith, Hal","Ryan, Will (I)","Plummer, Christopher (I)","DeLuise, Dom","Ross, Neil (I)","Finnegan, John (I)","Persoff, Nehemiah","Glasser, Phillip","Kahn, Madeline",Alitzah,"Yohn, Erica","Musick, Pat","Green, Amy (I)","Blore, Cathianne","Bustamante, Laura (II)",,,,,,,,,,,,,,,,,,,,,,,,,,,,,,,,,,,,,,,,,,,,,,,,,,,,,,,,,,,,,,,,,,,,,,,,,,,,,,,,,,,,,,,,,,,,,,,,,,,,,,,,,,,,,,,,,,,,,,,,,,
"American Tail: Fievel Goes West, An (1991)","Persoff, Nehemiah","Clarke, Philip L.","Lovitz, Jon","Steffan, Lawrence","Angel, Jack (I)","DeLuise, Dom","Moss, Larry (III)","Watts, Robert (II)","Bara, Fausto","Mailer, Lev","Cleese, John","Tate, David (I)","Glasser, Phillip","Pegram, Nigel","Pinney, Patrick","Stewart, James (I)","Raggio, Lisa","Darling, Jennifer","Yohn, Erica","Lynn, Sherry (I)","Bonta, Vanna","McGowan, Mickie","Cavadini, Cathy","Irving, Amy","Holliday, Annie",,,,,,,,,,,,,,,,,,,,,,,,,,,,,,,,,,,,,,,,,,,,,,,,,,,,,,,,,,,,,,,,,,,,,,,,,,,,,,,,,,,,,,,,,,,,,,,,,,,,,,,,,,,,,,,,
American Wilderness (1970),"Dubs, Arthur R.",,,,,,,,,,,,,,,,,,,,,,,,,,,,,,,,,,,,,,,,,,,,,,,,,,,,,,,,,,,,,,,,,,,,,,,,,,,,,,,,,,,,,,,,,,,,,,,,,,,,,,,,,,,,,,,,,,,,,,,,,,,,,,,,,,,,,,,,
Amy (1981),"Frishman, Brian (I)","LeGault, Lance","Scribner, Ronnie","Hollander, David (I)","Robinson, Chris (I)","Rechenberg, Otto","Newman, Barry (I)","Branton, Alban","Fant, Lou","Burton, Norman",Bumper,"Nolan, Kathleen","O'Brien, Margaret (I)","Benson, Lucille","Jeffory, Dawn","Agutter, Jenny","Fabray, Nanette",,,,,,,,,,,,,,,,,,,,,,,,,,,,,,,,,,,,,,,,,,,,,,,,,,,,,,,,,,,,,,,,,,,,,,,,,,,,,,,,,,,,,,,,,,,,,,,,,,,,,,,,,,,,,,,,,,,,,,,,
Anastasia (1997),"Kolinski, Joseph","Jellison, John","Gordon, Kyle","Quinn, Patrick (II)","Burtnick, Glen","Simmons, J.K.","Edelman, Gregg","Cummings, Jim (I)","Grammer, Kelsey","Harris Jr., Glenn Walker","Brunetti, Ted","Jones, Rick (I)","Azaria, Hank","Lowenstein, David","de Haas, Darius","Porter, Billy (I)","Dokuchitz, Jonathan","Cusack, John","Fritsch, Al","Nolte, Bill","Harvey, Michael Louis","Sperling, Ted","Malet, Arthur","Blumenkrantz, Jeff","Simms, Frank","Karen, Kenny","Lloyd, Christopher (I)","DuSold, Robert","King Jr., Curtis","Doherty, Madeline","Cherry, Vivian","Almy, Brooks","White, Lillias","Ryan, Meg (I)","Korey, Alix","Callaway, Liz","Lansbury, Angela","Dunst, Kirsten","Thomas, Van√©ese Y.","Mizelle, Cindy","Blazer, Judith","Silver, Karen (I)","Clark, Robin (III)","Mooney, Debra","Pawk, Michele","Chabert, Lacey","Martin, Andrea (I)","Horvath, Jan","Peters, Bernadette","Clark, Victoria (I)","James, Charity","Bernfeld, Ellen","Blackwell, Emma","Skinner, Emily (II)",,,,,,,,,,,,,,,,,,,,,,,,,,,,,,,,,,,,,,,,,,,,,,,,,,,,,,,,,,,,,,,,,,,,,,,,,,,,,,,,,,,
"Andromeda Strain, The (1971)","Jenkins, Mark (I)","Singer, Reuben","Harris, Ray (III)","Walberg, Garry","Stuart, Gilchrist","Murdock, Kermit","McDonough, Tom (I)","Edmiston, Walker","Lehmann, Theodore","Helm, Peter (I)","Hughes, Rob","Soto, Robert","Rainey, Ford","Christmas, Eric","Fuller, Lance","Swofford, Ken","Hobbs, Peter","Dunbar, Bill","Bow, Michael","Carter, John (IV)","Bull, Richard","Dyrenforth, Harold","Billings, Joe","Crichton, Michael","Hill, Arthur (I)","La Rue, Bart","Parnell, Emory","Langan, Glenn","Ballantyne, Paul","Bieri, Ramon","Barry, Ivor","Wayland, Len","Ortega, Francisco (I)","Mitchell, George (II)","Medaugh, Cliff","Brooke, Walter","Whiteman, Russ","Olson, James","Gavin, James W.","Waynesmith, Gary","Di Reda, Joe","Lee, Johnny (III)","O'Brien, Richard (II)","Wayne, David (I)","Pataki, Michael","McLean, David (I)","Reindel, Carl","Olen, Robert 'Bob'","Johnson, Jason (I)","Cigrang, Duke","Redeker, Quinn K.","Kelly, Paula (I)","Brown, Susan (I)","Burrell, Jan","Platt, Alma","Meyerink, Victoria Paige","Reid, Kate (I)",Midori (I),"Reid, Frances (I)","Carroll, Dee","Swift, Joan","Farrell, Judy","Thayer, Lorna","Daniels, Lisa (I)","de Bruin, Sandra","Schmidt, Georgia",,,,,,,,,,,,,,,,,,,,,,,,,,,,,,,,,,,,,,,,,,,,,,,,,,,,,,,,,,,,,,,,,,,,,,,
Angel in My Pocket (1969),"Jones, Henry (I)","Nisbet, Stuart","Faye, Herbie","Lieb, Robert P.","Collins, Gary (I)","Fennelly, Parker","Buchanan, Edgar","Barrier, Michael (II)","Checco, Al","Mann, Larry D.","Quillan, Eddie","Foster, Buddy","Franken, Steve","Shea, Christopher (I)","Hastings, Bob (I)","Van Vleet, Richard","Davis, Rufe","Tapps, George","Van Dyke, Jerry","Dodson, Jack","Stone, Leonard","Rubin, Benny","Starke, Todd","Boles, Jim","Griffith, Andy (I)","Minner, Kathryn","Verdugo, Elena","Fax, Jesslyn","Peterson, Maggie","Lorde, Athena","Fields, Lynn","Seaforth Hayes, Susan","Guthrie, Tani","Margetts, Monty","Schwartz, Bonnie Sue","Smale, Amber","Carol, Linda (III)","Besant, Anne","Bacigalupo, Chela","Mondo, Peggy","Bruce, Eve","McDevitt, Ruth","Bryar, Claudia","Hill, Gloria","Meriwether, Lee","Corby, Ellen","Gregory, Mary","Powers, Beverly","Hamilton, Margaret","Albertson, Grace","Medford, Kay","Harmon, Joy",,,,,,,,,,,,,,,,,,,,,,,,,,,,,,,,,,,,,,,,,,,,,,,,,,,,,,,,,,,,,,,,,,,,,,,,,,,,,,,,,,,,,
Angel in Training (1999),"Wheat, Matthew","Weidner, Travis","Stone, Sly","Lyon, Christian (I)","Weidner, Eric","Tunney, Ted T.E.","Goodman, Marco","O'Sullivan, Brian (I)","Wheat, Christian","Binkley, Tyler","Wheat, Bill (I)","Vozza, Thomas","DeVault, Calvin","Imhoff, Gary","Resnick, Stuart","Salvitti, Tom","Davis, Russell (III)","Immel, Graham","Blandon, Billy","Lerner, Craig","Pessis, Danielle","Rokitski, Lucy","Rokitski, Jessica","Roberts, Brianna","Reeves, Brittney","Truitt, Sally","Smith, Julie (I)","Bassett, Tracy","Caouette, Alicia","Dagher, Laila","Reed, Lauren M.","Hink, Jane","Ray, Kim A.","Harris, Hope (I)","Allen, Veronica","Class, Jamie",,,,,,,,,,,,,,,,,,,,,,,,,,,,,,,,,,,,,,,,,,,,,,,,,,,,,,,,,,,,,,,,,,,,,,,,,,,,,,,,,,,,,,,,,,,,,,,,,,,,,
Animal Crackers (1930),"Allen, Robert (I)","Thompson, Hal (I)","Marx, Groucho","Sorin, Louis","Marx, Harpo","Marx, Chico","Metcalf, Edward","Greig, Robert","MacBride, Donald","Marx, Zeppo","Dumont, Margaret","Irving, Margaret","Roth, Lillian","Roth, Ann (II)","Reece, Kathryn",,,,,,,,,,,,,,,,,,,,,,,,,,,,,,,,,,,,,,,,,,,,,,,,,,,,,,,,,,,,,,,,,,,,,,,,,,,,,,,,,,,,,,,,,,,,,,,,,,,,,,,,,,,,,,,,,,,,,,,,,,
Animals Are Beautiful People (1974),"O'Byrne, Paddy",,,,,,,,,,,,,,,,,,,,,,,,,,,,,,,,,,,,,,,,,,,,,,,,,,,,,,,,,,,,,,,,,,,,,,,,,,,,,,,,,,,,,,,,,,,,,,,,,,,,,,,,,,,,,,,,,,,,,,,,,,,,,,,,,,,,,,,,
Annie (1982),"Flowers, Jamie","Finney, Albert","Richards, Jon (I)","Epper, Kurtis","Holder, Geoffrey","Swofford, Ken","Metzman, Irving","Hobson, I.M.","Marshall, Peter (I)","Collamore, Jerome","Griffin, Victor","Curry, Tim (I)","Herrmann, Edward","Hankin, Larry","Cilento, Wayne","Minami, Roger","Cagno, Frank","Burnett, Carol","Reinking, Ann","Caspary, Tina","Lee, Angela (I)","Smith, Shawnee","Leonard, Lu","O'Rourke, Tammy","Sorrentino, Rosanne","Hartman, Victoria","Lerman, April","Berk, Lara","Ignico, Robin","Quinn, Aileen","Jones, Janet","Mackie, Jan","Ray, Mavis","Baca, Kari","Kieldrup, Lisa","Ackerman, Loni","Saputo, Linda","Blair, Pamela","Miller, Danielle (I)","Sinclair, Nancy (I)","Gisondi, Toni Ann","Whitman, Julie","Peterson, Amanda (I)","Peters, Bernadette","Cross, Murphy",Martika,"Martin, Angela (I)","Haney, Sonja","De Banzie, Lois","Hayden, Melissa (II)","Marsh, Liz (I)","Stewart, Lucie","Zenk-Pinter, Colleen","Michan, Cherie",,,,,,,,,,,,,,,,,,,,,,,,,,,,,,,,,,,,,,,,,,,,,,,,,,,,,,,,,,,,,,,,,,,,,,,,,,,,,,,,,,,
Barefoot in the Park (1967),"Indrisano, John","Redford, Robert (I)","Hartley, Ted","Boyer, Charles (I)","Edelman, Herb","Feld, Fritz","Burns, Paul E.","Stone, James (I)","Roberts, Doris","Albertson, Mabel","Natwick, Mildred","Fonda, Jane","Bird, Billie",,,,,,,,,,,,,,,,,,,,,,,,,,,,,,,,,,,,,,,,,,,,,,,,,,,,,,,,,,,,,,,,,,,,,,,,,,,,,,,,,,,,,,,,,,,,,,,,,,,,,,,,,,,,,,,,,,,,,,,,,,,,
Barney's Great Adventure (1998),"Hell, S√©bastian","West, Bob (IV)","Morgan, Trevor (I)","Holland, Matt (I)","Hearn, George","Sage, B Martin","Foster, Steffen","Taras, Barry","Fawcett, Alan (I)","Ayres, Jeff (I)","Joyner, David (I)","Maclaren, John (I)","Douglas, Shirley","Le Guerrier, Renee Madeline","Wheeler, Jane","Johnson, Julie (I)","Pratt, Kyla (II)","Rice, Diana","Wirtz, Patty",,,,,,,,,,,,,,,,,,,,,,,,,,,,,,,,,,,,,,,,,,,,,,,,,,,,,,,,,,,,,,,,,,,,,,,,,,,,,,,,,,,,,,,,,,,,,,,,,,,,,,,,,,,,,,,,,,,,,,
Battle for the Planet of the Apes (1973),"Williams, Paul (III)","Akins, Claude","Knight, Andy (II)","Keen, Noah","Landis, John (I)","Porter, Bobby","Ayres, Lew","Darden, Severn","Bacon, James","Eastham, Richard","Stearns, Michael (I)","Stevens, Paul (I)","Wilson, Cal (I)","Huston, John (I)","Cardi, Pat","McDowall, Roddy","Stoker, Austin","Camp, Colleen","Lowe, Heather (I)","Trundy, Natalie","Nuyen, France",,,,,,,,,,,,,,,,,,,,,,,,,,,,,,,,,,,,,,,,,,,,,,,,,,,,,,,,,,,,,,,,,,,,,,,,,,,,,,,,,,,,,,,,,,,,,,,,,,,,,,,,,,,,,,,,,,,,
"Benny Goodman Story, The (1955)","Hampton, Lionel","James, Harry (I)","Wilson, Teddy (II)","Erman, John","Green, Urbie","Menken, Shepard","Russin, Babe","Clarke, Robert (I)","Faylen, Frank","Tannen, Charles (I)","Kasday, David","Givot, George","Averback, Hy","Ory, Kid","Simon, Robert F.","Getz, Stan","Allen, Steve (I)","Reuss, Alan","Graff, Wilton","Pollack, Ben","Davis Sr., Sammy","Essler, Fred","Strong, Frank D.","Krupa, Gene","Kruschen, Jack","Kapp, Richard","Winslow, Dick","Anderson, Herbert","Elman, Ziggy","Ray, Buddy","Truex, Barry","Clayton, Buck","Gersten, Berta","Reed, Donna","Tilton, Martha",,,,,,,,,,,,,,,,,,,,,,,,,,,,,,,,,,,,,,,,,,,,,,,,,,,,,,,,,,,,,,,,,,,,,,,,,,,,,,,,,,,,,,,,,,,,,,,,,,,,,,
"Bermuda Triangle, The (1979)","Jackson, Ron (I)","Crandall, Brad","Logan, James (I)","Kenney, Joel","St. George, Clement","Fry, Ed","Van Dalsem, Michael","Mattingly, Hedley","Vanders, Warren","Jordan, Harlan","Albee, Donald","Manzel, Paul","Houde, Joe","Kemmerling, Warren J.","Leiber Jr., Fritz","Seale, Oliver","Bishop Jr., Howard W.","Magruder, Robert","Holmes, Leland","Herskowitz, Brian","Ellzey, David (I)","Schulze, Kimo","Pochna, John","Hibbard, Robert","Farrell, Steve (I)","Davis, Vince (I)","Morshower, Glenn","Frank, Tony","Hall, Albert (I)","Galt, John William","Bohner, R.J.","Todd, Jeremiah","Munson, Warren","Sahm, David","Bohan, John (I)","Rasulala, Thalmus","Bisman, Larry","Dhooge, Desmond","Roberts, Arthur (II)","Houston, Charles E.","Wyse, Don (I)","von Franckenstein, Clement","Matts, Tom","Wiseman, Don (I)","Wiggins, Jim (I)","Mills, Richard M.","Glanfield, Michael","Kendrick, Tommy G.","Ferguson, Bobbie","Galvan, Anne","Roker, Roxie","Berlitz, Lin","Turner, Vickery","Medin, Harriet",,,,,,,,,,,,,,,,,,,,,,,,,,,,,,,,,,,,,,,,,,,,,,,,,,,,,,,,,,,,,,,,,,,,,,,,,,,,,,,,,,,
Beyond and Back (1978),"Adix, Vern","Clayton, Hyde","Keefer, Norman","Crandall, Brad","Carroll, William (I)","Keefer, Norm","Cannaday, Richard","Chandler, David (IV)","Falcone, Stewart","Lockhart, Anne (I)","Capel, Maxilyn","Daniel, Elaine","Bishop, Linda","Davis, Lori (II)","Rowland, Beverly","Osterloh, Shelley","Noyes, Jan","Bylund, Janet","Pappas, Lucia",,,,,,,,,,,,,,,,,,,,,,,,,,,,,,,,,,,,,,,,,,,,,,,,,,,,,,,,,,,,,,,,,,,,,,,,,,,,,,,,,,,,,,,,,,,,,,,,,,,,,,,,,,,,,,,,,,,,,,
Big Beef at the O.K. Corral (1974),"Mann, Larry D.","Holt, Bob",,,,,,,,,,,,,,,,,,,,,,,,,,,,,,,,,,,,,,,,,,,,,,,,,,,,,,,,,,,,,,,,,,,,,,,,,,,,,,,,,,,,,,,,,,,,,,,,,,,,,,,,,,,,,,,,,,,,,,,,,,,,,,,,,,,,,,,
"Black Moses of Soul, The (1973)","Hayes, Isaac",,,,,,,,,,,,,,,,,,,,,,,,,,,,,,,,,,,,,,,,,,,,,,,,,,,,,,,,,,,,,,,,,,,,,,,,,,,,,,,,,,,,,,,,,,,,,,,,,,,,,,,,,,,,,,,,,,,,,,,,,,,,,,,,,,,,,,,,
Black Rodeo (1972),"Purefoy, Nat","Watson, Rocky","Jackson, Nelson","Peet, Alfred","Thomas, James (V)","Goodman, Sandy (II)","Heura, Reuben","Knight, Pete","Richardson, Skeets","Ali, Muhammad","Rogers, Marval","Fields, Moses","Fields, Cornell","Hayes, Gordon (III)","Strode, Woody","Prophet, Chris","Wycoff, Archie","Gonzalez, Clarence","Young, Sandra (I)","Eason, Joanne","Bramwell, Lisa","Wright, Dorothy (II)","Bramwell, Betsy",,,,,,,,,,,,,,,,,,,,,,,,,,,,,,,,,,,,,,,,,,,,,,,,,,,,,,,,,,,,,,,,,,,,,,,,,,,,,,,,,,,,,,,,,,,,,,,,,,,,,,,,,,,,,,,,,,
"Black Stallion, The (1979)","Axton, Hoyt","Karlsen, John","Hudson, Don (I)","Higgins, Michael (I)","Burton, John (III)","McNamara, Ed (I)","Buchanan, John (IV)","Larbi, Doghmi","Rooney, Mickey (I)","Dahlgren, Tom","Muse, Clarence","Tozzi, Fausto","Cousins, Frank","Reno, Kelly (I)","Trieste, Leopoldo","Maitland, Marne","Vigard, Kristen","Garr, Teri",,,,,,,,,,,,,,,,,,,,,,,,,,,,,,,,,,,,,,,,,,,,,,,,,,,,,,,,,,,,,,,,,,,,,,,,,,,,,,,,,,,,,,,,,,,,,,,,,,,,,,,,,,,,,,,,,,,,,,,
Blackbeard's Ghost (1968),"Ustinov, Peter","Foulger, Byron","Deacon, Richard (I)","Murdock, George (I)","Glass, Ned","Thordsen, Kelly","Baker, Joby","Reid, Elliott","Grabowski, Norman","Arnold, Phil (I)","Russell, Bing","Carney, Alan","Jones, Hank (I)","Faye, Herbie","Markland, Ted","Fawcett, William","Brill, Charlie","Vigran, Herb","Montgomery, Ralph","Conrad, Michael (I)","Genge, Paul","Bradley, Paul (I)","Lamb, Gil","Nova, Lou","Reese, Ray","Harvey, Harry (II)","Jones, Dean (I)","Collier, Richard (I)","Baker, Elsie","Lanchester, Elsa","Minner, Kathryn","Taft, Sara","Bronson, Betty","Flynn, Gertrude","Pleshette, Suzanne",,,,,,,,,,,,,,,,,,,,,,,,,,,,,,,,,,,,,,,,,,,,,,,,,,,,,,,,,,,,,,,,,,,,,,,,,,,,,,,,,,,,,,,,,,,,,,,,,,,,,,
"Blair Witch Mountain Project, The (2002)","Juttner, Christian","Steinlen, Andy","Geiger, Kirk (II)","Downs, Dermott","Savage, Brad (I)","MacMinn, Geordie","Eisenmann, Ike (II)","Bakalyan, Richard","Taraborrelli, J. Randy","Levy, Hope","Eriksen, Robin","Richards, Kim (I)",,,,,,,,,,,,,,,,,,,,,,,,,,,,,,,,,,,,,,,,,,,,,,,,,,,,,,,,,,,,,,,,,,,,,,,,,,,,,,,,,,,,,,,,,,,,,,,,,,,,,,,,,,,,,,,,,,,,,,,,,,,,,
Blizzard (2003),"Triska, Jan","Carlson, Len","Bristow, Leif","Joyette, Demetrius","O'Hara, Aidan (I)","Bates, Paul (VIII)","Daniels, Tony","Burton, LeVar","Buckle, Josh","Dale, J. Miles","Plummer, Christopher (I)","Byers, Jackie","Nicholsen, J.D.","Smart, Lee","Whitaker, Jonathan","Yearwood, Richard","Wilson, Jonathan","Rendall, Mark","Pollak, Kevin","Johnston, Gary (III)","Blethyn, Brenda","Pisana, Jennifer","Summer, Cree","Goldberg, Whoopi","Bristow, Brittany","Fulford, Wendii","Warner, Zoe","Morgenstern, Stephanie","Hennessy, Ellen-Ray",,,,,,,,,,,,,,,,,,,,,,,,,,,,,,,,,,,,,,,,,,,,,,,,,,,,,,,,,,,,,,,,,,,,,,,,,,,,,,,,,,,,,,,,,,,,,,,,,,,,,,,,,,,,
"Blood Beast Terror, The (1968)","Mundell, Michael","Anderson, Leslie (I)","Flemyng, Robert","Cain, Simon","Colley, Kenneth","Edwards, Glynn","Cushing, Peter","Wentworth, Robin","Lyell, David","Maxwell, William (I)","Russell, Drew (I)","Hudd, Roy","Stoney, Kevin","Evans, Roy (I)","Cawdron, Robert","Wilde, William","Paul, John (I)","Pitt, Norman","Martin, John Scott","Napier, Russell","Griffin, David (I)","Rogers, Malcolm (I)","Ingram, Joan","Howard, Vanessa","Cooke, Beryl","Shepherd, Honor","Ventham, Wanda",,,,,,,,,,,,,,,,,,,,,,,,,,,,,,,,,,,,,,,,,,,,,,,,,,,,,,,,,,,,,,,,,,,,,,,,,,,,,,,,,,,,,,,,,,,,,,,,,,,,,,,,,,,,,,
"Blue Bird, The (1976)","Popov, Oleg (I)","Lookinland, Todd","Vitsin, Georgi","Cole, George (I)","Shcherbakov, Yevgeni","Morley, Robert (I)","Bardsley, Grant","Nevedomsky, Leonid","Geer, Will","Andrews, Harry","Pearson, Richard (II)","Warner, Steven (I)","Lewis, Russell (III)","Kaufman, Monique","Bogdanova-Chesnokova, Glikeriya","Tyson, Cicely","Kensit, Patsy","Fonda, Jane","Gardner, Ava","Pavlova, Nadezhda","Washbourne, Mona","Mannion, Anne","Taylor, Elizabeth (I)","McLellan, Pheona","Ganibalova, Valentina","Terekhova, Margarita",,,,,,,,,,,,,,,,,,,,,,,,,,,,,,,,,,,,,,,,,,,,,,,,,,,,,,,,,,,,,,,,,,,,,,,,,,,,,,,,,,,,,,,,,,,,,,,,,,,,,,,,,,,,,,,
Blue Racer Blues (1972),"Holland, Tom (II)","Mann, Larry D.",,,,,,,,,,,,,,,,,,,,,,,,,,,,,,,,,,,,,,,,,,,,,,,,,,,,,,,,,,,,,,,,,,,,,,,,,,,,,,,,,,,,,,,,,,,,,,,,,,,,,,,,,,,,,,,,,,,,,,,,,,,,,,,,,,,,,,,
"Blue Water, White Death (1971)","Jonklaas, Rodney","Taylor, Ron (VI)","Waterman, Stan","Lake, Peter (I)","Taylor, Valerie (II)",,,,,,,,,,,,,,,,,,,,,,,,,,,,,,,,,,,,,,,,,,,,,,,,,,,,,,,,,,,,,,,,,,,,,,,,,,,,,,,,,,,,,,,,,,,,,,,,,,,,,,,,,,,,,,,,,,,,,,,,,,,,,,,,,,,,
"Blutigen Geier von Alaska, Die (1973)","B√ºlau, Kurt","Boman, Mirko","McClure, Doug (I)","Konjhodzic, Fahro","Reincke, Heinz","Baloh, Miha","L√∂witsch, Klaus","Ivezic, Ilija","Spoljar, Branko","Goric, Voyo","Leipnitz, Harald","Stimac, Ivan","Krstulovic, Vlado","Blanco, Roberto (I)","Medar, Vladimir","Nel, Kristina","Ott, Angelica",,,,,,,,,,,,,,,,,,,,,,,,,,,,,,,,,,,,,,,,,,,,,,,,,,,,,,,,,,,,,,,,,,,,,,,,,,,,,,,,,,,,,,,,,,,,,,,,,,,,,,,,,,,,,,,,,,,,,,,,
Bridgework (1970),"Weinrib, Lennie",,,,,,,,,,,,,,,,,,,,,,,,,,,,,,,,,,,,,,,,,,,,,,,,,,,,,,,,,,,,,,,,,,,,,,,,,,,,,,,,,,,,,,,,,,,,,,,,,,,,,,,,,,,,,,,,,,,,,,,,,,,,,,,,,,,,,,,,
"Brief History of Time, A (1991)","Berry, Gordon (I)","Wheeler, John (VI)","Powney, Derek","Whitt, Brian","Taylor, John (V)","Berman, Robert (I)","Hawking, Stephen","Carter, Brandon (I)","Sciama, Dennis","Penrose, Roger","Page, Don (I)","Laflamme, Raymond","King, Basil (II)","Isham, Christopher","Thorne, Kip","Dix, Norman","Humphrey, Janet","Hawking, Mary","Hawking, Isobel",,,,,,,,,,,,,,,,,,,,,,,,,,,,,,,,,,,,,,,,,,,,,,,,,,,,,,,,,,,,,,,,,,,,,,,,,,,,,,,,,,,,,,,,,,,,,,,,,,,,,,,,,,,,,,,,,,,,,,
Brother Bear (2003),"Duncan, Michael Clarke","Johnson, B. Wyatt","Logan, Rick","Wheaton, Willie","Johnson, Ben (XVII)","Van Hook, Lamonte","Phoenix, Joaquin","Cesar, Darko","Thomas, Dave (I)","Crenshaw, Randy","Robinson, Bumper","Pinney, Patrick","Proctor, Phil","Kawagley, Angayuqaq Oscar","Wood, Terry (I)","Waters, Oren","Mertens, Tim","Mastrogiorgio, Daniel","Farmer, Bill (I)","Raize, Jason","Bergen, Bob","White, Fred (II)","Sweeney, D.B.","Johnson, Luke (III)","Bumpass, Rodger","Christie, Paul (I)","Moranis, Rick","Suarez, Jeremy","Young, Terry (IV)","Posehn, Brian","Finney, Trey","Gould, Harold (I)","Proops, Greg","Powell, Josef","McCuller, Arnold","Keys, Amy","Waters Tillman, Julie","Adlon, Pamela","Anderson, Maxi","Lynn, Sherry (I)","Anderson, Caitlin Rose","McGowan, Mickie","Waters Willard, Maxine","Darling, Jennifer","Carter, Carmen","Harris, Estelle","Levy, Hope","Derryberry, Debi","Copeland, Joan","Johnson, Bethany","Perrette, Pauley","Stevens-Logan, Susie",,,,,,,,,,,,,,,,,,,,,,,,,,,,,,,,,,,,,,,,,,,,,,,,,,,,,,,,,,,,,,,,,,,,,,,,,,,,,,,,,,,,,
Brother of the Wind (1973),"Robinson, Dick (I)","Ames, Leon",,,,,,,,,,,,,,,,,,,,,,,,,,,,,,,,,,,,,,,,,,,,,,,,,,,,,,,,,,,,,,,,,,,,,,,,,,,,,,,,,,,,,,,,,,,,,,,,,,,,,,,,,,,,,,,,,,,,,,,,,,,,,,,,,,,,,,,
"Brother, Cry for Me (1970)","Adler, Jay","Drexel, Steve","Davalos, Richard","Kahana, Kim","Pennell, Larry","Caruso, Anthony (I)","Parrish, Leslie (I)",,,,,,,,,,,,,,,,,,,,,,,,,,,,,,,,,,,,,,,,,,,,,,,,,,,,,,,,,,,,,,,,,,,,,,,,,,,,,,,,,,,,,,,,,,,,,,,,,,,,,,,,,,,,,,,,,,,,,,,,,,,,,,,,,,
"Brothers O'Toole, The (1973)","Rufus Krisp Ensemble, The","Mullancy, Ed","Claassen, Ted","Oakley, William (II)","White, Jesse (I)","Murray, Leland","Porter, Vern (I)","Knudson, Harlan","Inge, Leon","Tessler, Gary","Jones, Noomis","Jury, Richard","Conried, Hans","Astin, John","Joslyn, Allyn","Hampton, Jacques","Dell, Charlie (I)","Carlson, Steve (I)","Erdman, Richard (I)","Meriwether, Lee","Fuller, Francelle","Barry, Miranda (II)","Carroll, Pat (I)",,,,,,,,,,,,,,,,,,,,,,,,,,,,,,,,,,,,,,,,,,,,,,,,,,,,,,,,,,,,,,,,,,,,,,,,,,,,,,,,,,,,,,,,,,,,,,,,,,,,,,,,,,,,,,,,,,
Buckskin (1968),"Sullivan, Barry","Riordan, Robert","Arlen, Richard","Michenaud, Jean-Michel","Corey, Wendell","Chandler, George (I)","Littler, Craig","Mitchell, James X.","Meyer, Emile","Russell, John (I)","Williams, Bill (I)","Aleong, Aki","Chaney Jr., Lon","MacLane, Barton","Larrain, Michael","Gordon, Leo (I)","Johnson, Leroy (II)","Thiess, Manuela","Caulfield, Joan","Hale, Barbara",,,,,,,,,,,,,,,,,,,,,,,,,,,,,,,,,,,,,,,,,,,,,,,,,,,,,,,,,,,,,,,,,,,,,,,,,,,,,,,,,,,,,,,,,,,,,,,,,,,,,,,,,,,,,,,,,,,,,
Cleopatra (1963),"Faulds, Andrew","Allen, Ronald (I)","Frederick, John (II)","Benson, Martin (I)","Forster, Peter (I)","Landau, Martin","Currie, Finlay","Alderton, John","Loddi, Loris","Russel, Del","O'Connor, Carroll","Harrison, Rex (I)","John, Rupert","Karlsen, John","Alvar, John","Nacinovic, Boris","Cronyn, Hume","Stephens, Robert (I)","O'Sullivan, Richard (I)","McDowall, Roddy","Haigh, Kenneth","Doucette, John","Billa, Salvatore","Kemp, Jeremy (I)","Aslan, Gr√©goire","Berghof, Herbert","Cole, George (I)","Steen, Mike (I)","Bailly, Mich√®le","Hordern, Michael","Grant, Peter (III)","Pepper, John","Meniconi, Furio","Llewelyn, Desmond","Keir, Andrew","Gayford, John","Martocci, Luigi","Naismith, Laurence","Hoyt, John (I)","Wilmer, Douglas","Wright, Ben (I)","Mizrahi, Simon","Cairney, John","Burton, Richard (I)","Nash, Kenneth (I)","Maitland, Marne","Taylor, Jack (II)","Gwynn, Michael","Danova, Cesare","Berti, Marina","Cooley, Isabel","Welles, Meri","Annis, Francesca","Welch, Elisabeth","Taylor, Elizabeth (I)","Lee, Margaret (II)","Scarnati, Sandra","Meiken, Gesa","Pitagora, Paola","Badmajew, Mar√≠a","Lane, Maureen","Chan, Jacqui","Marsh, Jean","Devereux, Marie","Montenegro, Violeta","Anderson, Audrey (I)","Galicia, Mar√≠a Luz","Watford, Gwen","Caruso, Bruna","Martin, Kathy (I)","Brown, Pamela (I)",,,,,,,,,,,,,,,,,,,,,,,,,,,,,,,,,,,,,,,,,,,,,,,,,,,,,,,,,,,,,,,,,,
"Endurance: Shackleton's Legendary Antarctic Expedition, The (2000)","Shackleton, Jonathan","Huntford, Roland","Keith, Ron","McNeish, Tom","Prebble, Simon","De Carvalho, Drew","Ricketts, Paul (I)","Wordie, Peter","Ayer, Julian","Neeson, Liam","Stuart, Ian (IV)","Cox, John Henry","Shackleton, Ernest","Cale, David","Crossley, Steven","Hawksley, Dominic","d'Arcy James, Brian","Blackborow, John","Crean O'Brien, Mary",,,,,,,,,,,,,,,,,,,,,,,,,,,,,,,,,,,,,,,,,,,,,,,,,,,,,,,,,,,,,,,,,,,,,,,,,,,,,,,,,,,,,,,,,,,,,,,,,,,,,,,,,,,,,,,,,,,,,,
"Fant√°stico mundo del doctor Coppelius, El (1966)","Brancaleoni, Elvezio","Slezak, Walter","Miskovitch, Milorad","Dodd, Richard (II)","Prendes, Luis","Eaton, James (V)","Selling, Caj",Terry-Thomas,"Bogado, Aurelio","Elliott, Eileen (I)","Wen Yen, Maria Lu","Rojas, Carmen (I)","Corday, Claudia","Holter, Chris (I)","Petrowsky, Xenia","Garrison, Kathleen","Cravey, Clara","Rusmin, Veronica","Brown, Kathy Jo","Held, Victoria","Kapner, Sharon","Bellak, Marcia","Villarroya, Helena","Morris, Monica",,,,,,,,,,,,,,,,,,,,,,,,,,,,,,,,,,,,,,,,,,,,,,,,,,,,,,,,,,,,,,,,,,,,,,,,,,,,,,,,,,,,,,,,,,,,,,,,,,,,,,,,,,,,,,,,,
Fastest Tongue in the West (1971),"Holland, Tom (II)","Diamond, Don","Mann, Larry D.",,,,,,,,,,,,,,,,,,,,,,,,,,,,,,,,,,,,,,,,,,,,,,,,,,,,,,,,,,,,,,,,,,,,,,,,,,,,,,,,,,,,,,,,,,,,,,,,,,,,,,,,,,,,,,,,,,,,,,,,,,,,,,,,,,,,,,
Fat in the Saddle (1968),"Stafford, Grace",,,,,,,,,,,,,,,,,,,,,,,,,,,,,,,,,,,,,,,,,,,,,,,,,,,,,,,,,,,,,,,,,,,,,,,,,,,,,,,,,,,,,,,,,,,,,,,,,,,,,,,,,,,,,,,,,,,,,,,,,,,,,,,,,,,,,,,,
"Fish Story, A (1972)","Frees, Paul","Stafford, Grace",,,,,,,,,,,,,,,,,,,,,,,,,,,,,,,,,,,,,,,,,,,,,,,,,,,,,,,,,,,,,,,,,,,,,,,,,,,,,,,,,,,,,,,,,,,,,,,,,,,,,,,,,,,,,,,,,,,,,,,,,,,,,,,,,,,,,,,
Fistic Mystic (1969),"Storch, Larry",,,,,,,,,,,,,,,,,,,,,,,,,,,,,,,,,,,,,,,,,,,,,,,,,,,,,,,,,,,,,,,,,,,,,,,,,,,,,,,,,,,,,,,,,,,,,,,,,,,,,,,,,,,,,,,,,,,,,,,,,,,,,,,,,,,,,,,,
Flight of the Doves (1971),"O'Donovan, Frank","Cauldwell, Brendan","Hickey, Tom (I)","Bergin, Emmet","Molloy, John (I)","Keogh, Des","Keegan, Barry","O'Brian, Nial","Cahill, Joe","Purcell, Noel","Wild, Jack (I)","Moody, Ron","Holloway, Stanley","Toibin, Niall","Rushton, William","O'Reilly, Brendan (I)","Walsh, Ronnie","Irwin, Tom (I)","Raye, Helen","McGuire, Dorothy (I)",Dana (I),"Mullen, Clare (I)",,,,,,,,,,,,,,,,,,,,,,,,,,,,,,,,,,,,,,,,,,,,,,,,,,,,,,,,,,,,,,,,,,,,,,,,,,,,,,,,,,,,,,,,,,,,,,,,,,,,,,,,,,,,,,,,,,,
Flight of the Pteranodon (1999),"Charlton, Jeffrey","Pniewski, Mike","Bellury, Anna","Cardea, Diane","Blazynski, Sandra",,,,,,,,,,,,,,,,,,,,,,,,,,,,,,,,,,,,,,,,,,,,,,,,,,,,,,,,,,,,,,,,,,,,,,,,,,,,,,,,,,,,,,,,,,,,,,,,,,,,,,,,,,,,,,,,,,,,,,,,,,,,,,,,,,,,
"Flim-Flam Man, The (1967)","Salmi, Albert","Pickens, Slim (I)","Mitchell, George (II)","Parfrey, Woodrow","Ose, Jay","Van Sickel, Dale","Baker, Jesse (I)","Sarrazin, Michael","Guth, Raymond","Scott, George C.","Martin, Strother","Morgan, Harry","Albertson, Jack","Ghostley, Alice","Lyon, Sue",,,,,,,,,,,,,,,,,,,,,,,,,,,,,,,,,,,,,,,,,,,,,,,,,,,,,,,,,,,,,,,,,,,,,,,,,,,,,,,,,,,,,,,,,,,,,,,,,,,,,,,,,,,,,,,,,,,,,,,,,,
Flipper (1963),"Halpin, Luke","Higgins, Joe","White, Robertson","Applewhite, George",Flipper,"Connors, Chuck (I)","Scott, Connie","Maguire, Kathleen","Rose, Jane (I)",,,,,,,,,,,,,,,,,,,,,,,,,,,,,,,,,,,,,,,,,,,,,,,,,,,,,,,,,,,,,,,,,,,,,,,,,,,,,,,,,,,,,,,,,,,,,,,,,,,,,,,,,,,,,,,,,,,,,,,,,,,,,,,,
How Sweet It Is! (1968),"Scotti, Vito","Knatz, Nikita","Silver, Johnny","Talbot, Ogden","Brooke, Walter","Ross, Christopher (I)","Conforti, Gino","Lynde, Paul","Martino, John (I)",Terry-Thomas,"Aretsky, Bert","Silo, Jon","Homel, Bob","Diamond, Don","French, Michael (I)","Dalio, Marcel","Garner, James","Losby, Donald","Colvin, Jack","Cattani, Rico","Ronet, Maurice","Hankin, Larry","Kent, Lenny","Riggio, Jerry","Jackson, Jenie","Litis, Marti","French, Leigh","Ross, Myrna","Carey, Lynn","Nelson, Margot","Meredith, Susan","Regan, Patty","Babcock, Peggy","Verdugo, Elena","Moran, Erin","Cintron, Sharon","Duncan, Margie","White, Marilyn","Braverman, Patti","Parness, Arlene","Reynolds, Debbie (I)","Rozier, Shiva","Messina, Terry","Bruck, Bella","Fridolfs, Jenny","Michael, Mary","Bradley, Bea","Fuller, Barbra","O'Brien, Mary (IV)","Dayne, Marjorie","Marshall, Penny (I)","Anders, Luana","Darc, Katherine","Hay, Alexandra","Guilbert, Ann Morgan","Thompson, Hilary","Menzies, Heather","Williams, Mese","O'Reilly, Erin","Leighton, Sheila","Hunter, Julie (I)","Bruce, Eve","Gwynne, Rori",,,,,,,,,,,,,,,,,,,,,,,,,,,,,,,,,,,,,,,,,,,,,,,,,,,,,,,,,,,,,,,,,,,,,,,,,,
How the West Was Won (1962),"Curtis, Ken (I)","Tamblyn, Russ","Perkins, Red","Roberson, Chuck","Harvey, Barry (I)","Briggs, Charlie","Sayre, Jeffrey","Peck, Gregory","Bryar, Paul","Gorss, Sol","Swenson, Karl","Devine, Andy (I)","Bouchey, Willis","Allen, Mark (I)","Sawyer, Joe","Holmes, Jerry (I)","Pennick, Jack","McKinley, J. Edward","Wayne, John (I)","Jenson, Roy (I)","Flippen, Jay C.","Reed, Walter (I)","Banas, Robert","Widmark, Richard","Perkins, Gil (I)","Van Cleef, Lee","Peppard, George","Griffith, James (I)","Acosta, Rodolfo (I)","Wellman Jr., William","Johnson, Claude","Brennan, Walter","Owen, Tudor","Young, Carleton","Preston, Robert (I)","Ross, Jamie (I)","Stewart, James (I)","Damler, John","Wallach, Eli","Dark, Christopher","Shaughnessy, Mickey","Dibbs, Kem","Brian, David","Terrell, Ken","Burke, Walter","Parry, Harvey","Larch, John","Monty, Harry","Duncan, Craig (I)","Cobb, Lee J.","Elk Sr., Ben Black","Sundberg, Clinton","Stanton, Harry Dean","Massey, Raymond (I)","Fonda, Henry","Russell, Bryan","Henry, William (I)","Roth, Gene","Lambert, Jack (I)","Romito, Victor","Greenway, Tom","Sands, Danny","Livingston, Stanley","Nash, Robert (I)","Tracy, Spencer","Malden, Karl","Morgan, Boyd 'Red'","Morgan, Bob (I)","Osmond, Cliff","Red Bow, Buddy","Charney, Kim","Morgan, Harry","Wilson, Harry (I)","Moorehead, Agnes","Baker, Carroll","Archuletta, Beulah","Ritter, Thelma","Bazlen, Brigid","Burson, Polly","Jones, Carolyn (I)","Reynolds, Debbie (I)",,,,,,,,,,,,,,,,,,,,,,,,,,,,,,,,,,,,,,,,,,,,,,,,,,,,,,,,
How to Frame a Figg (1971),"Herbert, Pitt","Nisbet, Stuart","Fennelly, Parker","Millhollin, James","Checco, Al","Zuckert, Bill","Tanner, Clay","Archer, John (I)","Flynn, Joe (I)","Quillan, Eddie","Kirby, Bruce","Rubin, Benny","Quinn, Bill (I)","Welker, Frank","Sands, Billy","Hastings, Bob (I)","Andrews, Edward (I)","Knotts, Don","Lieb, Robert P.","Joyce, Elaine (I)","Craig, Yvonne","Bentley, Savannah","Lorde, Athena","DeWitt, Fay",,,,,,,,,,,,,,,,,,,,,,,,,,,,,,,,,,,,,,,,,,,,,,,,,,,,,,,,,,,,,,,,,,,,,,,,,,,,,,,,,,,,,,,,,,,,,,,,,,,,,,,,,,,,,,,,,
Singin' in the Rain (1952),"Fuller, Lance","Kasday, David","Bates, Jimmy","Sharpe, David (I)","Heremans, Jean","Grant, A. Cameron","Dodsworth, John","Thompson, Jimmy (IV)","Hyers, Frank","Albright, John (I)","Foulk, Robert","Saunders, Russell (II)","Maxey, Paul","Fowley, Douglas","Lester, William (I)","James, Ivor (I)","Regan, Charles (I)","Hamel, William","George, Jack (I)","Strobach, Ben","Kelly, Gene (I)","Ross, Dennis (I)","Davidson, Bert (I)","Logan, John (II)","Emory, Richard","Salata, Paul","Dayo, Robert","Fields, Don (III)","Milletaire, Carl","Hawkins, Timmy","Lontoc, Leon","Gardner, Jon (I)","Watson, Bobby (I)","Henson, Dean","Datig Jr., Fred","Kelly, Jimmy","York, Adam (I)","Dunham, Phil","Williams, Robert (I)","Holmes, Stuart","Evans, Charles (IV)","Conway, Pat (II)","Collins, Chick","Schallert, William","O'Connor, Donald","Foster, Dan (I)","Hulbert, Don","Pinson, Allen","Chatham, Bill (II)","Flatt, Ernie","McGovern, Johnny","Donovan, King","Sullivan, Brick","Tenbrook, Harry","Murray, Forbes","Mitchell, Millard","Farrell, Tommy","Dugan, Michael (I)","Sutherland, Allen","Leicester, William","Pollard, 'Snub'","Poulis, Angi O.","Walker, Tommy (I)","Lerner, Diki","Wood, Wilson","Rocke, Anthony","Gallagher, Glen","Cody, Harry (I)","Blair, David (IV)","Mell, Joseph","Jones, Morgan (II)","Lewin, Bill","Lally, Mike (I)","Fortier, Robert (I)","Tannen, Julius","Clark, Lyle","Carter, Gwen (II)","Blake, Madge","Clarke, Mae","Gorman, Inez","Lewis, Sylvia","Jackson, Pat (IV)","Glickman, Shirley","Packard, Ruth","Denise, Patricia","Patrick, Dorothy","Horne, Joyce","Landon, Judy","Coyne, Jeanne","Becker, Marcella","Neyland, Anne","Bert, Margaret","Gray, Marion","Allen, Betty (II)","Rickert, Shirley Jean","Reynolds, Debbie (I)","Moore, Gloria","Arlen, Bette","McCrea, Ann","Maloney, Joan","Gray, Beatrice","Ardell, Marie","Allen, Sue (I)","Charisse, Cyd","Eby-Rock, Helen","Leon, Peggy","Garrett, Diane","Lansing, Joi","Washburn, Audrey","Robinson, Joey (II)","Saunders, Audrey","Robinson, Joette","Kayne, Jan","Lavis, Janet","Stewart, Elaine (I)","Elliott, Marietta","Hannon, Betty","Rio, Joanne","Deslys, Kay","Lee, Virginia (III)","Lopez, Shirley","Scott, Betty (II)","Bonney, Gail","Freeman, Kathleen (I)","Flowers, Bess","Murray, Peggy (I)","McCarty, Dorothy","DeWerd, Gloria","Zimmer, Norma","Moreno, Rita (I)","Turnell, Dee","Erbes, Betty","Hagen, Jean","Gail, Jeanne","Moore, Marilyn (IV)","Meyers, Sheila","Addams, Dawn"
Sleeping Beauty (1959),"McKennon, Dal","Ravenscroft, Thurl","Colvig, Pinto","Holmes, Taylor","Thompson, Bill (I)","Miller, Marvin (I)","Candido, Candy","Amsbery, Bill","Shirley, Bill","Allen, Barbara Jo","Costa, Mary","Felton, Verna (I)","Audley, Eleanor","Luddy, Barbara",,,,,,,,,,,,,,,,,,,,,,,,,,,,,,,,,,,,,,,,,,,,,,,,,,,,,,,,,,,,,,,,,,,,,,,,,,,,,,,,,,,,,,,,,,,,,,,,,,,,,,,,,,,,,,,,,,,,,,,,,,,
Sleeping Beauty (1987),"Holliday, David (I)","Anstey, Shone","Levit, Bob","Ben-Sira, Ya'ackov","Bee, Joseph","Chagrin, Julian","Clay, Nicholas (I)","Baker, Kenny (I)","Ophir, Shaike","Phillips, Jonathan (I)","Schneider, Michael (I)","Tsadok, Esty","Borisov, Igor","Efroni, Yehuda","Segev, Danny","Welch, Tahnee","Revach, Shula","Le Beau, Bettina","Fairchild, Morgan","Slavik, Daniela","Uziely, Yael","Rooduyn, Marjolein","Porat, Orna","Berlin, Susan","Avigdor, Amit","Miles, Sylvia","Grossman, Liora","Brackman, Bruria","Wiedlin, Jane","Chagrin, Rolanda","Eyal, Sharon",,,,,,,,,,,,,,,,,,,,,,,,,,,,,,,,,,,,,,,,,,,,,,,,,,,,,,,,,,,,,,,,,,,,,,,,,,,,,,,,,,,,,,,,,,,,,,,,,,,,,,,,,,
That Darn Cat! (1965),"Jones, Dean (I)","Wynn, Ed","Demarest, William","Dorrell, Don","Lessy, Ben","Lowell, Tom (I)","Gorshin, Frank",Syn,"McDowall, Roddy","Blake, Larry J.","Held, Karl","Sullivan, Liam (I)","Blakely, Gene","Deacon, Richard (I)","Brand, Neville","Eastham, Richard","Provine, Dorothy","Adrian, Iris","Mills, Hayley","Lanchester, Elsa","Hall, Grayson",,,,,,,,,,,,,,,,,,,,,,,,,,,,,,,,,,,,,,,,,,,,,,,,,,,,,,,,,,,,,,,,,,,,,,,,,,,,,,,,,,,,,,,,,,,,,,,,,,,,,,,,,,,,,,,,,,,,
That Lady from Peking (1975),"Carver, Peter","Oliver, Tom (I)","Thompson, Jack (I)","Evis, Brian","Melton, Sid","Weingott, Owen","Bruning, Robert","Rouse, Graham","Warwick, John (I)","Golsby, Kevin","Bellinger, Mike","Reid, Don (I)","Betz, Carl","Rydell, Bobby","Armstrong, Peter (I)","Ingersent, Anthony","Moll, Brian (I)","Sugg, Penny","Gore, Sandy","Jarett, Susan","Turner, Niki (I)","Kwan, Nancy","Benet, Vicki","Fong, Robyn","Cracknell, Ruth","Lynd, Eva",,,,,,,,,,,,,,,,,,,,,,,,,,,,,,,,,,,,,,,,,,,,,,,,,,,,,,,,,,,,,,,,,,,,,,,,,,,,,,,,,,,,,,,,,,,,,,,,,,,,,,,,,,,,,,,
That's Dancing! (1985),"Richards, Jeff (I)","Nelson, Gene (I)","d'Amboise, Jacques","Martin, Dean (I)","Jackson, Michael (I)","Abbott, Tommy","Feld, Eliot","Bean, David (I)","Teague, Anthony 'Scooter'","Talbot, Lyle","Travolta, John","Smith, Tucker (I)","Berkeley, Busby","Mordente, Tony","Daniels, Leroy","O'Connor, Donald","McDonald, Ray (I)","Bolger, Ray","Mitchell, James (I)","Blue, Monte","Kidd, Michael","Cagney, James","Mattox, Matt","Johnson, Van (I)","Rooney, Mickey (I)","Robinson, Bill (I)","Blore, Eric","Sinatra, Frank","Lorre, Peter (I)","Tamblyn, Russ","Montalban, Ricardo","Helpmann, Robert","Van, Bobby (I)","Iturbi, Jos√©","Gable, Clark","Powell, Dick (I)","Murphy, George (I)","Banas, Robert","Kelly, Gene (I)","Rall, Tommy","Dailey, Dan","Nureyev, Rudolf","Baryshnikov, Mikhail","Watson, Bobby (I)","Astaire, Fred","Taylor, Robert (I)","Ebsen, Buddy","Platt, Marc (I)","Brascia, John","Laskey, Charles","Skelton, Red","Michaels, Bert (I)","Evans, Harvey","Winters, David (I)","Massine, L√©onide","Haley, Jack (I)","Davis Jr., Sammy","Stewart, James (I)","Grant, Cary","Champion, Gower",Ann-Margret,"Garland, Judy (I)","Toumanova, Tamara","Powell, Eleanor (I)","Kelly, Paula (I)","Tashman, Lilyan","Haver, June","Moore, Annabelle","Temple, Shirley","Fuller, Loie","Waters, Ethel","Turner, Lana","McCracken, Joan","Ball, Lucille","Elg, Taina","Zorina, Vera","Powell, Jane (I)","Cara, Irene","Pavlova, Anna (I)","Williams, Esther (I)","Reynolds, Debbie (I)","Leigh, Vivien","Duncan, Isadora","Fonteyn, Margot","Day, Doris (I)","Champion, Marge","Trikonis, Gina","Carr, Betty","Shearer, Moira","Linn, Bambi","Lee, Ruta",Tarita (I),"Luckey, Susan","Kilgas, Nancy","D'Andrea, Carole","MacLaine, Shirley","Holliday, Judy","Minnelli, Liza","Miller, Ann (I)","Oakes, Susan","Gibson, Virginia","Doggett, Norma","DeHaven, Gloria","Beals, Jennifer (I)","Bremer, Lucille","Jahan, Marine","Caron, Leslie","Newmar, Julie","Crawford, Joan (I)","Shaw, Wini","Charisse, Cyd","Allyson, June","Bellini, Francesca","Keeler, Ruby","Haney, Carol",Vera-Ellen,,,,,,,,,,,,,,,,,,,,,
That's Entertainment! (1974),"King, Charles (I)","Morgan, Dennis (I)","Bolger, Ray","Chevalier, Maurice (I)","Stewart, James (I)","Munshin, Jules","O'Connor, Donald","Montgomery, Robert (I)","Gable, Clark","Ebsen, Buddy","Grant, Cary","Rooney, Mickey (I)","Sinatra, Frank","Eddy, Nelson","Keel, Howard","Tamblyn, Russ","Warfield, William","Durante, Jimmy","Haley, Jack (I)","Carpenter, Carleton","Damone, Vic","Lawford, Peter","Buchanan, Jack (I)","Johnson, Van (I)","McPhail, Douglas","Edwards, Cliff (I)","Martin, Tony (I)","Kelly, Gene (I)","Jones, Allan (I)","Jourdan, Louis (I)","Lahr, Bert","Nicholas, Harold","Lanza, Mario","Astaire, Fred","Crosby, Bing","Keaton, Buster","Nicholas, Fayard","Dale, Virginia (I)","Howell, Lottice","Bruce, Virginia","Stone, Paula (I)","Taylor, Elizabeth (I)","Grayson, Kathryn","Caron, Leslie","DeHaven, Gloria","Harlow, Jean","Hayes, Bernadene","Grey, Virginia","Williams, Esther (I)","Crawford, Joan (I)","Durbin, Deanna","Reynolds, Debbie (I)","Garrett, Betty","Horne, Lena","Dahl, Arlene","Miller, Ann (I)","Charisse, Cyd","Allyson, June","Totter, Audrey","Powell, Jane (I)","Marsh, Joan","Moorhead, Natalie","Armen, Kay","Powell, Eleanor (I)","Rogers, Ginger","Garland, Judy (I)","Krueger, Lorraine","O'Brien, Margaret (I)","Minnelli, Liza","MacDonald, Jeanette","Gardner, Ava",,,,,,,,,,,,,,,,,,,,,,,,,,,,,,,,,,,,,,,,,,,,,,,,,,,,,,,,,,,,,,,,,,
That's Entertainment! III (1994),"Kelly, Gene (I)","McDonald, Ray (I)","Astaire, Fred","Keel, Howard","Arthur, George K.","Young, Robert (I)","Rooney, Mickey (I)","Benny, Jack","Keaton, Buster","Monroe, Marilyn","Hepburn, Katharine","Dressler, Marie","Rainer, Luise","Dahl, Arlene","Crawford, Joan (I)","Lansbury, Angela","Lamarr, Hedy","Miller, Ann (I)","Lombard, Carole (I)","Moran, Polly","Williams, Esther (I)","Dodge Twins, The","Goddard, Paulette","Dietrich, Marlene","Grayson, Kathryn","Charisse, Cyd","Loy, Myrna","Shearer, Norma","Horne, Lena","MacDonald, Jeanette","Gardner, Ava","Garland, Judy (I)","Turner, Lana","McCracken, Joan","Allyson, June","Garbo, Greta","Harlow, Jean","Ball, Lucille","Davies, Marion","Five Locust Sisters, The","Powell, Eleanor (I)","Bergman, Ingrid (I)","Leigh, Vivien","Reynolds, Debbie (I)",,,,,,,,,,,,,,,,,,,,,,,,,,,,,,,,,,,,,,,,,,,,,,,,,,,,,,,,,,,,,,,,,,,,,,,,,,,,,,,,,,,,,,,,,,,,,
"That's Entertainment, Part II (1976)","Levant, Oscar","Skelton, Red","Abbott, Bud","Gu√©tary, Georges","Marx, Groucho","Tracy, Spencer","Rall, Tommy","Wayne, David (I)","Gravey, Fernand","Drake, Tom (I)","Benchley, Robert","Armstrong, Louis (I)","O'Connor, Donald","Anderson, Eddie 'Rochester'","Benny, Jack","Jones, Allan (I)","Cagney, James","Weissmuller, Johnny","Ayres, Lew","Laurel, Stan","Shean, Al (I)","Fosse, Bob","Sinatra, Frank","Barrymore, Lionel","Buchanan, Jack (I)","Powell, William (I)","Durante, Jimmy","Crosby, Bing","Eddy, Nelson","Taylor, Robert (I)","Kelly, Gene (I)","Gable, Clark","Keel, Howard","Montgomery, Robert (I)","Grant, Cary","Costello, Lou","Stone, Lewis","Wynn, Keenan","Stewart, James (I)","Chevalier, Maurice (I)","Marx, Chico","Cahn, Sammy","McDowall, Roddy","Pidgeon, Walter","Astaire, Fred","Hardy, Oliver","Dailey, Dan","Calhern, Louis","Barrymore, John (I)","Young, Robert (I)","Van, Bobby (I)","Champion, Gower","Marx, Harpo","Colman, Ronald","Rooney, Mickey (I)","Tone, Franchot","Fields, W.C.","Douglas, Melvyn","Haney, Carol","O'Sullivan, Maureen","Kelly, Grace (I)","Leigh, Vivien","Caron, Leslie","Reynolds, Debbie (I)","Powell, Eleanor (I)","Harlow, Jean","Hepburn, Katharine","Waters, Ethel","Garland, Judy (I)","Dumont, Margaret","Turner, Lana","Garbo, Greta","Fabray, Nanette","Sothern, Ann","Grayson, Kathryn","Knight, June","Loy, Myrna","Garrett, Betty","Dressler, Marie","Verdon, Gwen","Korjus, Miliza","Charisse, Cyd","Williams, Esther (I)","MacDonald, Jeanette","Day, Doris (I)","Gingold, Hermione","Shore, Dinah","Horne, Lena","Rogers, Ginger","Holliday, Judy","Crawford, Joan (I)","Miller, Ann (I)","Hutton, Betty (I)","Garson, Greer","Champion, Marge","Taylor, Elizabeth (I)","Bennett, Constance (I)",,,,,,,,,,,,,,,,,,,,,,,,,,,,,,,,,,,,,,,,
Their Only Chance (1975),"Hoddy, Steve","Ruppel, Greg","Goddard, Ross","Ebert, Ken (II)","Goddard, Jack","Mahoney, Jock","Swaggerty, Jim","Lowe, Ron (I)","Jeffers, Chris","Watt, Mildred",,,,,,,,,,,,,,,,,,,,,,,,,,,,,,,,,,,,,,,,,,,,,,,,,,,,,,,,,,,,,,,,,,,,,,,,,,,,,,,,,,,,,,,,,,,,,,,,,,,,,,,,,,,,,,,,,,,,,,,,,,,,,,,
They Fought Back! (2000),"Masur, Dr. Norbert","Schachter, Raphael","Karski, Jan","Hitler, Adolf","Gerron, Kurt",,,,,,,,,,,,,,,,,,,,,,,,,,,,,,,,,,,,,,,,,,,,,,,,,,,,,,,,,,,,,,,,,,,,,,,,,,,,,,,,,,,,,,,,,,,,,,,,,,,,,,,,,,,,,,,,,,,,,,,,,,,,,,,,,,,,
Tickled Pink (1968),"Blanc, Mel",,,,,,,,,,,,,,,,,,,,,,,,,,,,,,,,,,,,,,,,,,,,,,,,,,,,,,,,,,,,,,,,,,,,,,,,,,,,,,,,,,,,,,,,,,,,,,,,,,,,,,,,,,,,,,,,,,,,,,,,,,,,,,,,,,,,,,,,
"Tigger Movie, The (2000)","Sansom, Ken","Carel, Roger","Alane, Bernard","Pr√©jean, Patrick","Berland, Fran√ßois","Djanik, Henry","Hopkins, Nikita","Attenborough, Tom","Koch, Geoff","Fiedler, John (I)","Cullen, Peter (I)","Welker, Frank","Stojka, Andre","Crouzet, Roger","Donda, Jean-Claude","Lamamra, Wahid","Niovet, Paul","Cummings, Jim (I)","Hurt, John","Donda, Camille","Soucie, Kath","Poulain, Dominique","Chantal, Claudie","Pearl, Yael",,,,,,,,,,,,,,,,,,,,,,,,,,,,,,,,,,,,,,,,,,,,,,,,,,,,,,,,,,,,,,,,,,,,,,,,,,,,,,,,,,,,,,,,,,,,,,,,,,,,,,,,,,,,,,,,,
"Time Machine, The (1960)","Young, Alan (I)","Cabot, Sebastian (I)","Chang, Wah","Bissell, Whit","Helmore, Tom","Frees, Paul","Taylor, Rod (I)","Skelly, James","Barran, Bob","Lloyd, Doris","Mimieux, Yvette","Powell, Josephine",,,,,,,,,,,,,,,,,,,,,,,,,,,,,,,,,,,,,,,,,,,,,,,,,,,,,,,,,,,,,,,,,,,,,,,,,,,,,,,,,,,,,,,,,,,,,,,,,,,,,,,,,,,,,,,,,,,,,,,,,,,,,
"Time to Remember, A (1987)","D'Orio, Joseph","Burns, Vincent J. (I)","Serra, Raymond","Brewer, Daniel (III)","Dimoleon, Paris","Mensch, Mark","Bertoni, Ricardo","O'Connor, Donald","Kakuk, Joseph","Makem, Tommy","Russo, Anthony (I)","Gomez, Ruben (I)","Case, Alison","Gardner, Suzanne (I)","Dickerson, Nadine","King, Morgana","Lee, Lorna",,,,,,,,,,,,,,,,,,,,,,,,,,,,,,,,,,,,,,,,,,,,,,,,,,,,,,,,,,,,,,,,,,,,,,,,,,,,,,,,,,,,,,,,,,,,,,,,,,,,,,,,,,,,,,,,,,,,,,,,
Tinerete fara batr√Ænete (1968),"Paladescu, Mihai","Petrut, Emanoil","Tugearu, Ion","Breazu, Mircea","Secareanu, Nicolae","Pogonat, Margareta","Stanescu, Carmen","Sz√©les, Anna",,,,,,,,,,,,,,,,,,,,,,,,,,,,,,,,,,,,,,,,,,,,,,,,,,,,,,,,,,,,,,,,,,,,,,,,,,,,,,,,,,,,,,,,,,,,,,,,,,,,,,,,,,,,,,,,,,,,,,,,,,,,,,,,,
Titanic (1997),"Mazin, Stan","Walsh, Brian (II)","Pettersson, Dan (I)","Holland, Erik","Truitt, Mark Rafael","Taylor, Rocky (I)","Füri, Thomas","Wilton, Garth","Owers, Kevin","Cash, Aaron James","Váldez, Francisco","Walcutt, John","Giger, Werner","Garber, Victor","Paxton, Bill","Jarvis, Martin","Laing, Martin (I)","Olsen, Bjørn (I)","Campolo, Bruno","Barry, Jason","Butters, Mike","Donachie, Ron","Thompson III, Reece P.","Ellis, Greg (II)","Tuohy, Liam","Wehmeyer, Stephen","Palter, Lew","Sagalevitch, Dr. Anatoly M.","Forsyth, Edmond Alan","Twigger, Stephen","Smith, Stephen Wolfe","Zane, Billy","Page, Oliver","Hislop, Scott","Lea, Derek","Kinnunen, Jari (I)","Francis, Romeo","Hyde, Jonathan","Lawlor, Sean","Cass, Marc","Brightwell, Paul","Howse, Sean","Anderson, Scott G.","Fox, Bernard (I)","Braeden, Eric","Cronnelly, David","Nepita, Sean","Lonsdale, Shep","Duffin, Shay","Dennen, Barry","Ling, Van","Murphy, Patrick (IV)","Fox, Richard (I)","Graham, Richard (I)","Chapman, Mark Lindsay","Herbert, Paul (IV)","Stewart, Ewan (I)","Meaney, Nick","Hub, Martin","De La Noy, Kevin","Szedlák, Ferenc","Hill, Bernard","Szedlák, Béla","Cascone, Nicholas","East, Martin","O'Neal, Mike (II)","Fletcher, Edward","Lancaster, James","Gruffudd, Ioan","Forestal, Terry","Baines, Brian","Phillips, Jonathan (I)","Kenny, Tony (I)","Cameron, James (I)","Ashton, Richard (II)","Trowbridge, R. Gern","Adkins, Seth (I)","Quale, Steven","Capri, Mark","Falk, Anders (I)","Nucci, Danny","James, Emmett","Cooke, Gregory (I)","Abernathy, Lewis","Connolly, Brendan (I)","Andersson, Kris","Crane, Simon (I)","DiCaprio, Leonardo","Evans-Jones, Jonathan","Byrne, Chris (I)","Martin, Johnny (I)","Urich, Vern","Cragnotti, Chris","Lynch, Don (II)","Garrett, James (IV)","Warner, David (I)","Ensign, Michael","Hasler, Lorenz","Kelly, Craig (II)","Joffroy, Rudy","Bates, Kathy (I)","Gaipa, Amy","Rose, Rochelle","Klingler, Rebecca","Brett, Fannie","Boyd, Alexandra","Winslet, Kate","Waddell, Alison","Morgan, Diana (II)","Waddell, Amber","Raven, Elsa","Kerns, Linda","Overbye Roos, Camilla","Hicks, Andie","O'Brien, Ellen (I)","Owens, Alexandrea","Amis, Suzy","Pardo, Barbarella (I)","Hunt, Samantha (I)","Ayres, Rosalind","Ratzin, Lisa","Garten, Jo Lynn","Dunn, Kathleen S.","Garten, Aimee Amanda","Fisher, Frances (I)","Prestininzi, Judy","Fletcher, Anne (II)","Stuart, Gloria","Goldstein, Jenette","Bates, Bobbie","Marino, Mandana","Landis, Laramie","Renee, Julene","O'Neil, Tricia","Chatton, Charlotte","Bourn, Dawn M.",
Toate p√Ænzele sus (1976),"Dron, Dorin","Ciobanu, Ilarion","Visu, Gheorghe","Alsec, Zephi","Besoiu, Ion","Rautu, Colea","Sofron, Cristian","Dichiseanu, Ion","Papaiani, Sebastian","Florescu, Jean Lorin","Giurumia, Aurel","Constantin, Jean (II)","Sz√∂nyi, Julieta",,,,,,,,,,,,,,,,,,,,,,,,,,,,,,,,,,,,,,,,,,,,,,,,,,,,,,,,,,,,,,,,,,,,,,,,,,,,,,,,,,,,,,,,,,,,,,,,,,,,,,,,,,,,,,,,,,,,,,,,,,,,
Toy Story 2 (1999),"Pidgeon, Jeff","Hanks, Tom","Knight, Wayne (I)","Proctor, Phil","Peters, Andi","Lasseter, John","Rabson, Jan","Angel, Jack (I)","Harris, Jonathan (I)","Bergen, Bob","Stanton, Andrew (I)","Varney, Jim","Harnell, Jess","Allen, Tim (I)","Farmer, Bill (I)","Goulet, Robert","Shawn, Wallace","Ermey, R. Lee","Unkrich, Lee","Foley, Dave (I)","Ranft, Joe","Burton, Corey","Grammer, Kelsey","Morris, John (III)","Bumpass, Rodger","Fraley, Pat (II)","Ratzenberger, John","Rickles, Don","McGowan, Mickie","Sweeten, Madylin","Lynn, Sherry (I)","Bernstein, Sheryl","Harris, Estelle","Evans, Jessica (I)","Benson, Jodi","Little, Nicolette","Metcalf, Laurie","Davey, Rachel","Derryberry, Debi","Bergman, Mary Kay","Unkrich, Hannah","Schroeder, Carly","Cusack, Joan","Potts, Annie",,,,,,,,,,,,,,,,,,,,,,,,,,,,,,,,,,,,,,,,,,,,,,,,,,,,,,,,,,,,,,,,,,,,,,,,,,,,,,,,,,,,,,,,,,,,,
Trafic (1971),"Knepper, Tony","Ressel, Franco","Maisongrosse, Fran√ßois","Franval, Marcel","Zanuelli, Mario","Tati, Jacques","Bostel, Honor√©","Kimberly, Maria",,,,,,,,,,,,,,,,,,,,,,,,,,,,,,,,,,,,,,,,,,,,,,,,,,,,,,,,,,,,,,,,,,,,,,,,,,,,,,,,,,,,,,,,,,,,,,,,,,,,,,,,,,,,,,,,,,,,,,,,,,,,,,,,,
Trail Mix-Up (1993),"Welker, Frank","Hirsch, Lou","Fleischer, Charles","Burton, Corey","Turner, Kathleen (I)","Winchell, April",,,,,,,,,,,,,,,,,,,,,,,,,,,,,,,,,,,,,,,,,,,,,,,,,,,,,,,,,,,,,,,,,,,,,,,,,,,,,,,,,,,,,,,,,,,,,,,,,,,,,,,,,,,,,,,,,,,,,,,,,,,,,,,,,,,
Train Ride to Hollywood (1975),"Oberlin, Bill","Gonneau, Peter","Mustin, Burt","Hughes, Whitey","Robins, Elliot","Draffen Jr., Willis","Williams, Harry (V)","Lennon Sr., Jimmy","Dandridge, Don","McCormick, Charles (I)","Payne, Michael (I)","Marks, Guy","Myhers, John","Lawrence, Jay (I)","Westmoreland, Bob","Ratray, Peter","Robinson, Jay (I)","Love, Charles","DeLeon, Jack (I)","Collins, Roberta","Reed, Tracy (I)","Reddick, Gerri","Willis, Ann","Davis, Phyllis","Milner, Jessamine",,,,,,,,,,,,,,,,,,,,,,,,,,,,,,,,,,,,,,,,,,,,,,,,,,,,,,,,,,,,,,,,,,,,,,,,,,,,,,,,,,,,,,,,,,,,,,,,,,,,,,,,,,,,,,,,
Transylvania Mania (1968),"Smith, Hal","Harrington Jr., Pat","Miller, Marvin (I)",,,,,,,,,,,,,,,,,,,,,,,,,,,,,,,,,,,,,,,,,,,,,,,,,,,,,,,,,,,,,,,,,,,,,,,,,,,,,,,,,,,,,,,,,,,,,,,,,,,,,,,,,,,,,,,,,,,,,,,,,,,,,,,,,,,,,,
"Trap on Cougar Mountain, The (1972)","Larsen, Eric (I)","Larsen, Keith","Steele, Karen (I)",,,,,,,,,,,,,,,,,,,,,,,,,,,,,,,,,,,,,,,,,,,,,,,,,,,,,,,,,,,,,,,,,,,,,,,,,,,,,,,,,,,,,,,,,,,,,,,,,,,,,,,,,,,,,,,,,,,,,,,,,,,,,,,,,,,,,,
Travelin' Light (1971),"Jennings, Waylon","Knox, Buddy","Murphy, Audie",,,,,,,,,,,,,,,,,,,,,,,,,,,,,,,,,,,,,,,,,,,,,,,,,,,,,,,,,,,,,,,,,,,,,,,,,,,,,,,,,,,,,,,,,,,,,,,,,,,,,,,,,,,,,,,,,,,,,,,,,,,,,,,,,,,,,,
"Traviata, La (1982)","Best, Michael (I)","Cesti√®, Renato","Sommer, Robert (I)","Barbacini, Maurizio","Christopher, Russell","Ammirati, Tony","Brizi, Luciano","Vasilyev, Vladimir (V)","Domingo, Pl√°cido","Oneto, Ricardo","Monk, Allan","Vernon, Richard (IV)","Furlanetto, Ferruccio","Anthony, Charles (I)","MacNeil, Cornell","Bybee, Ariel","Cei, Pina","Journet, Dominique","Borni, Gabriella","Stratas, Teresa","Gall, Axelle","Maksimova, Yekaterina","Decker, Geraldine",,,,,,,,,,,,,,,,,,,,,,,,,,,,,,,,,,,,,,,,,,,,,,,,,,,,,,,,,,,,,,,,,,,,,,,,,,,,,,,,,,,,,,,,,,,,,,,,,,,,,,,,,,,,,,,,,,
Treasure Island (1950),"Davies, David (II)","Wilkinson, Geoffrey (II)","Head, Bob","Arrow, Jack (I)","Jamieson, Harold","Truman, Ralph","O'Dea, Denis","Gregson, John (I)","Adcock, Chris","Brannigan, Paddy","Devlin, William","Locke, Harry","Sydney, Basil","Newton, Robert (I)","Keen, Geoffrey","Currie, Finlay","Kydd, Sam","Douglas, Howard","Fitzgerald, Walter","Buckle, Ken","Moran, Eddie (II)","Drummond, Reginald","Troughton, Patrick","Laurie, John (I)","Mulholland, Gordon","Jack, Stephen","O'Brady, Jim","Blackett, Andrew","Clark, Freddy","De Wolff, Francis","Kelly, Diarmuid","Phillips, Leo","Driscoll, Bobby","Lucas, Tom (II)",,,,,,,,,,,,,,,,,,,,,,,,,,,,,,,,,,,,,,,,,,,,,,,,,,,,,,,,,,,,,,,,,,,,,,,,,,,,,,,,,,,,,,,,,,,,,,,,,,,,,,,
"Trouble with Girls, The (1969)","Flory, Med","Snider, Duke","Teague, Anthony 'Scooter'","Rumery, Leonard","Zuckert, Bill","Price, Vincent (I)",Pacific Palisades High School Madrigals,"Parker, Brett (I)","Wagner, Mike (I)","Nichols, Robert (I)","Rubinstein, John","Schilling, Jerry","Herbert, Pitt","Welker, Frank","O'Neal, Kevin (I)","Coleman, Dabney","Carradine, John","Briles, Charles","Paris, William M.","Thompson, Charles P.","Andrews, Edward (I)","O'Brien, William H.","Brown, Pepe","Presley, Elvis","Esposito, Joe (I)","Pederson, Hal","Van Patten, Joyce","Olsen, Susan (I)","Winston, Helene","Garrett, Patsy","Rainey, Kathleen","Jones, Anissa","Mason, Marlyn","Jaffe, Nicole","Risk, Linda Sue","North, Sheree",,,,,,,,,,,,,,,,,,,,,,,,,,,,,,,,,,,,,,,,,,,,,,,,,,,,,,,,,,,,,,,,,,,,,,,,,,,,,,,,,,,,,,,,,,,,,,,,,,,,,
Zorro (1975 I),"Baker, Stanley","Rossi-Stuart, Giacomo","Albertini, Giampiero","Mas√©, Marino","Delon, Alain","Chiffre, Yvan",Moustache,"Cerusico, Enzo","Juri, Raika","Piccolo, Ottavia","Asti, Adriana",,,,,,,,,,,,,,,,,,,,,,,,,,,,,,,,,,,,,,,,,,,,,,,,,,,,,,,,,,,,,,,,,,,,,,,,,,,,,,,,,,,,,,,,,,,,,,,,,,,,,,,,,,,,,,,,,,,,,,,,,,,,,,